file_name;gender;genre;novel;threshold_1815;nationality;epistolary
Anonymous_Anonymous_Little-Goody-Two-Shoes_1765;NA;children_juvenile;non_novel;before_1815;NA;non_epistolary
Anonymous_Anonymous_The-Adventures-of-Anthony-Varnish_1786;NA;picaresque_satire;novel;before_1815;NA;non_epistolary
Anonymous_Anonymous_The-Triumph-Prudence-Over-Passion_1781;NA;domestic;novel;before_1815;NA;epistolary
Anonymous_Anonymous_Vertue-Rewarded_1693;NA;romance;novel;before_1815;NA;non_epistolary
Austen_Jane_Emma_1815;female;novel_of_manners;novel;after_1815;English;non_epistolary
Austen_Jane_Love-and-Freindship_1790;female;picaresque_satire;non_novel;before_1815;English;non_epistolary
Austen_Jane_Mansfield-Park_1814;female;novel_of_manners;novel;before_1815;English;non_epistolary
Austen_Jane_Northanger-Abbey_1817;female;sensational_gothic_mystery;novel;after_1815;English;non_epistolary
Austen_Jane_Persuasion_1817;female;sensational_gothic_mystery;novel;after_1815;English;non_epistolary
Austen_Jane_Pride-and-Prejudice_1813;female;sensational_gothic_mystery;novel;before_1815;English;non_epistolary
Austen_Jane_Sense-and-Sensibility_1811;female;sensational_gothic_mystery;novel;before_1815;English;non_epistolary
Baldwin_Louisa_How-he-left-the-Hotel_1894;female;sensational_gothic_mystery;non_novel;after_1815;non_English;non_epistolary
Baldwin_Louisa_The-Real-and-the-Counterfeit_1895;female;sensational_gothic_mystery;non_novel;after_1815;non_English;non_epistolary
Baldwin_Louisa_The-Shadow-on-the-Blind_1894;female;sensational_gothic_mystery;non_novel;after_1815;non_English;non_epistolary
Ballantyne_Robert_The-Coral-Island_1858;male;sensational_gothic_mystery;novel;after_1815;non_English;non_epistolary
Barker_Jane_A-Patch-Work-Screen-for-the-Ladies_1723;female;NA;non_novel;before_1815;English;non_epistolary
Barker_Jane_Exilus_1715;female;NA;novel;before_1815;English;non_epistolary
Barker_Jane_Love-Intrigues_1712;female;NA;novel;before_1815;English;non_epistolary
Barker_Jane_The-Lining-of-the-Patch-Work-Screen_1726;female;NA;non_novel;before_1815;English;non_epistolary
Barrie_J-M_Peter-Pan_1911;male;children_juvenile;novel;after_1815;non_English;non_epistolary
Barrie_J-M_Auld-Licht-Idylls_1888;male;domestic;novel;after_1815;non_English;non_epistolary
Barrie_J-M_A-Window-in-the-Thrums_1889;male;domestic;novel;after_1815;non_English;non_epistolary
Barrie_J-M_Sentimental-Tommy_1896;male;domestic;novel;after_1815;non_English;non_epistolary
Barrie_J-M_Tommy-and-Grizel_1900;male;domestic;novel;after_1815;non_English;non_epistolary
Beckford_William_Vathek_1786;male;sensational_gothic_mystery;novel;before_1815;English;non_epistolary
Beerbohm_Max_Zuleika-Dobson_1911;male;sensational_gothic_mystery;novel;after_1815;English;non_epistolary
Behn_Aphra_Oroonoko_1688;female;sensational_gothic_mystery;novel;before_1815;English;non_epistolary
Bennett_Arnold_Anna-and-the-Five-Towns_1902;male;sensational_gothic_mystery;novel;after_1815;English;non_epistolary
Bennett_Arnold_Clayhanger_1910;male;sensational_gothic_mystery;novel;after_1815;English;non_epistolary
Bennett_Arnold_Hilda-Lessways_1911;male;sensational_gothic_mystery;novel;after_1815;English;non_epistolary
Bennett_Arnold_The-Old-Wives-Tale_1908;male;sensational_gothic_mystery;novel;after_1815;English;non_epistolary
Birmingham_George_The-Red-Hand-of-Ulster_1912;male;sensational_gothic_mystery;novel;after_1815;non_English;non_epistolary
Blackmore_R-D_Clara-Vaughan_1864;male;detective;novel;after_1815;English;non_epistolary
Blackmore_R-D_Lorna_Doone_1869;male;historical;novel;after_1815;English;non_epistolary
Braddon_Mary_Aurora_Floyd_1863;female;sensational_gothic_mystery;novel;after_1815;English;non_epistolary
Braddon_Mary_Lady-Audleys-Secret_1862;female;sensational_gothic_mystery;novel;after_1815;English;non_epistolary
Braddon_Mary_The-Doctors-Wife_1863;female;sensational_gothic_mystery;novel;after_1815;English;non_epistolary
Bronte_Anne_Agnes-Grey_1847;female;NA;novel;after_1815;English;non_epistolary
Bronte_Anne_The-Tenant-of-Wildfell-Hall_1848;female;NA;novel;after_1815;English;epistolary
Bronte_Charlotte_Jane-Eyre_1847;female;bildungsroman;novel;after_1815;English;non_epistolary
Bronte_Charlotte_Shirley_1849;female;social;novel;after_1815;English;non_epistolary
Bronte_Charlotte_Vilette_1853;female;bildungsroman;novel;after_1815;English;non_epistolary
Bronte_Emily_Wuthering-Heights_1847;female;sensational_gothic_mystery;novel;after_1815;English;non_epistolary
Brooke_Frances_Emily-Montague_1769;female;NA;novel;before_1815;English;epistolary
Brooke_Frances_Lady-Julia-Mandeville_1763;female;NA;novel;before_1815;English;non_epistolary
Brooke_Frances_The-Excursion_1777;female;novel_of_manners;novel;before_1815;English;non_epistolary
Brown_George-Douglas_The-House-with-the-Green-Shutters_1901;male;sentimental;novel;after_1815;non_English;non_epistolary
Brunton_Mary_Discipline_1814;female;NA;novel;before_1815;non_English;non_epistolary
Brunton_Mary_Self-Control_1811;female;NA;novel;before_1815;non_English;non_epistolary
Buchan_John_John-Burnet-of-Barns_1897;male;NA;novel;after_1815;non_English;non_epistolary
Bulwer-Lytton_Edward_Paul-Clifford_1830;male;sensational_gothic_mystery;novel;after_1815;English;non_epistolary
Bulwer-Lytton_Edward_Eugene-Aram_1832;male;sensational_gothic_mystery;novel;after_1815;English;non_epistolary
Bulwer-Lytton_Edward_The-Last-Days-of-Pompeii_1834;male;historical;novel;after_1815;English;non_epistolary
Burnett_Frances-Hodgson_The-Secret-Garden_1911;female;children_juvenile;novel;after_1815;English;non_epistolary
Burney_Frances_Evelina_1778;female;sentimental;novel;before_1815;English;epistolary
Burney_Frances_Camilla_1796;female;domestic;novel;before_1815;English;non_epistolary
Burney_Frances_Cecilia_1782;female;novel_of_manners;novel;before_1815;English;non_epistolary
Burney_Frances_The-Wanderer_1814;female;historical;novel;before_1815;English;non_epistolary
Butler_Samuel_Erewhon_1872;male;picaresque_satire;novel;after_1815;English;non_epistolary
Butler_Samuel_The-Way-of-all-Flesh_1903;male;life_writing;novel;after_1815;English;non_epistolary
Caird_Mona_The-Daughters-of-Danaus_1894;female;sensational_gothic_mystery;novel;after_1815;English;non_epistolary
Carleton_William_Fardorougha-the-Miser_1839;male;NA;novel;after_1815;non_English;non_epistolary
Carleton_William_The-Black-Prophet_1847;male;NA;novel;after_1815;non_English;non_epistolary
Carleton_William_The-Emigrants-of-Ahadarra_1847;male;NA;novel;after_1815;non_English;non_epistolary
Carleton_William_Valentine-M-Clutchy_1845;male;NA;novel;after_1815;non_English;non_epistolary
Carlyle_Thomas_Sartor-Resartus_1834;male;NA;novel;after_1815;non_English;non_epistolary
Carroll_Lewis_Alice-in-Wonderland_1865;male;fantasy;novel;after_1815;English;non_epistolary
Carroll_Lewis_Through-the-Looking-Glass_1871;male;fantasy;novel;after_1815;English;non_epistolary
Chesterton_G-K_The-Man-Who-Was-Thursday_1908;male;sensational_gothic_mystery;novel;after_1815;English;non_epistolary
Childers_Erskine_The-Riddle-of-the-Sand_1903;male;adventure;novel;after_1815;non_English;non_epistolary
Cholmondeley_Mary_Red-Pottage_1899;female;sensational_gothic_mystery;novel;after_1815;English;non_epistolary
Collins_Wilkie_Armadale_1864;male;sensational_gothic_mystery;novel;after_1815;English;non_epistolary
Collins_Wilkie_Man-and-Wife_1870;male;sensational_gothic_mystery;novel;after_1815;English;non_epistolary
Collins_Wilkie_No-Name_1862;male;sensational_gothic_mystery;novel;after_1815;English;non_epistolary
Collins_Wilkie_The-Law-and-the-Lady_1875;male;detective;non_novel;after_1815;English;non_epistolary
Collins_Wilkie_The-Moonstone_1868;male;sensational_gothic_mystery;novel;after_1815;English;non_epistolary
Collins_Wilkie_The-Woman-in-White_1859;male;sensational_gothic_mystery;novel;after_1815;English;non_epistolary
Conrad_Joseph_Almayers-Folly_1895;male;NA;novel;after_1815;English;non_epistolary
Conrad_Joseph_Heart-of-Darkness_1899;male;NA;non_novel;after_1815;English;non_epistolary
Conrad_Joseph_Lord-Jim_1899;male;NA;novel;after_1815;English;non_epistolary
Conrad_Joseph_Nostromo_1904;male;NA;novel;after_1815;English;non_epistolary
Conrad_Joseph_The-Nigger-of-the-Narcissus_1897;male;NA;non_novel;after_1815;English;non_epistolary
Conrad_Joseph_The-Secret-Agent_1907;male;NA;novel;after_1815;English;non_epistolary
Conrad_Joseph_The-Secret-Sharer_1895;male;NA;non_novel;after_1815;English;non_epistolary
Conrad_Joseph_Typhoon_1903;male;NA;non_novel;after_1815;English;non_epistolary
Conrad_Joseph_Under-Western-Eyes_1911;male;NA;novel;after_1815;English;non_epistolary
Corelli_Marie_The-Sorrows-of-Satan_1895;female;sensational_gothic_mystery;novel;after_1815;English;non_epistolary
Craik_Dinah_John-Halifax_1856;female;NA;novel;after_1815;English;non_epistolary
Crockett_S-R_Cleg-Kelly_1896;male;domestic;novel;after_1815;non_English;non_epistolary
Davys_Mary_The-Reformd-Coquet_1723;female;NA;novel;before_1815;non_English;non_epistolary
Defoe_Daniel_Journal-of-the-Plague-Year_1722;male;historical;novel;before_1815;English;non_epistolary
Defoe_Daniel_Moll-Flanders_1722;male;life_writing;novel;before_1815;English;non_epistolary
Defoe_Daniel_Robinson-Crusoe_1719;male;life_writing;novel;before_1815;English;non_epistolary
Defoe_Daniel_The-Fortunate-Mistress_1724;male;life_writing;novel;before_1815;English;non_epistolary
Dickens_Charles_A-Christmas-Carol_1843;male;NA;non_novel;after_1815;English;non_epistolary
Dickens_Charles_A-Tale-of-Two-Cities_1859;male;historical;novel;after_1815;English;non_epistolary
Dickens_Charles_Barnaby-Rudge_1841;male;historical;novel;after_1815;English;non_epistolary
Dickens_Charles_Bleak-House_1852;male;NA;novel;after_1815;English;non_epistolary
Dickens_Charles_Dombey-and-Son_1846;male;NA;novel;after_1815;English;non_epistolary
Dickens_Charles_Edwin-Drood_1870;male;NA;novel;after_1815;English;non_epistolary
Dickens_Charles_Great-Expectations_1860;male;bildungsroman;novel;after_1815;English;non_epistolary
Dickens_Charles_Hard-Times_1854;male;industrial;novel;after_1815;English;non_epistolary
Dickens_Charles_Little-Dorrit_1855;male;social;novel;after_1815;English;non_epistolary
Dickens_Charles_Martin-Chuzzlewit_1843;male;picaresque_satire;novel;after_1815;English;non_epistolary
Dickens_Charles_Nicholas-Nickleby_1838;male;NA;novel;after_1815;English;non_epistolary
Dickens_Charles_Oliver-Twist_1837;male;industrial;novel;after_1815;English;non_epistolary
Dickens_Charles_Our-Mutual-Friend_1864;male;NA;novel;after_1815;English;non_epistolary
Dickens_Charles_Sketches-by-Boz_1833;male;NA;non_novel;after_1815;English;non_epistolary
Dickens_Charles_The-Old-Curiosity-Shop_1840;male;NA;novel;after_1815;English;non_epistolary
Dickens_Charles_The-Pickwick-Papers_1836;male;NA;novel;after_1815;English;non_epistolary
Dickens_Charles_David-Copperfield_1849;male;bildungsroman;novel;after_1815;English;non_epistolary
Disraeli_Benjamin_Coningsby_1843;male;social;novel;after_1815;English;non_epistolary
Disraeli_Benjamin_Sybil_1845;male;social;novel;after_1815;English;non_epistolary
Disraeli_Benjamin_Tancred_1847;male;social;novel;after_1815;English;non_epistolary
Disraeli_Benjamin_Vivian-Grey_1826;male;social;novel;after_1815;English;non_epistolary
Doyle_Arthur-Conan_A-Case-of-Identity_1891;male;detective;non_novel;after_1815;non_English;non_epistolary
Doyle_Arthur-Conan_A-Scandal-in-Bohemia_1891;male;detective;non_novel;after_1815;non_English;non_epistolary
Doyle_Arthur-Conan_A-Study-in-Scarlet_1887;male;detective;novel;after_1815;non_English;non_epistolary
Doyle_Arthur-Conan_Micah-Clarke_1889;male;historical;novel;after_1815;non_English;non_epistolary
Doyle_Arthur-Conan_Sir-Nigel_1906;male;historical;novel;after_1815;non_English;non_epistolary
Doyle_Arthur-Conan_The-Adventure-of-the-Solitary-Cyclist_1905;male;detective;non_novel;after_1815;non_English;non_epistolary
Doyle_Arthur-Conan_The-Adventure-of-Black-Peter_1905;male;detective;non_novel;after_1815;non_English;non_epistolary
Doyle_Arthur-Conan_The-Adventure-of-Charles-Augustus-Milverton_1905;male;detective;non_novel;after_1815;non_English;non_epistolary
Doyle_Arthur-Conan_The-Adventure-of-the-Abbey-Grange_1905;male;detective;non_novel;after_1815;non_English;non_epistolary
Doyle_Arthur-Conan_The-Adventure-of-the-Beryl-Coronet_1891;male;detective;non_novel;after_1815;non_English;non_epistolary
Doyle_Arthur-Conan_The-Adventure-of-the-Blue-Carbuncle_1891;male;detective;non_novel;after_1815;non_English;non_epistolary
Doyle_Arthur-Conan_The-Adventure-of-the-Copper-Beeches_1891;male;detective;non_novel;after_1815;non_English;non_epistolary
Doyle_Arthur-Conan_The-Adventure-of-the-Dancing-Men_1905;male;detective;non_novel;after_1815;non_English;non_epistolary
Doyle_Arthur-Conan_The-Adventure-of-the-Empty-House_1905;male;detective;non_novel;after_1815;non_English;non_epistolary
Doyle_Arthur-Conan_The-Adventure-of-the-Engineers-Thumb_1891;male;detective;non_novel;after_1815;non_English;non_epistolary
Doyle_Arthur-Conan_The-Adventure-of-the-Golden-Prince-Nez_1905;male;detective;non_novel;after_1815;non_English;non_epistolary
Doyle_Arthur-Conan_The-Adventure-of-the-Missing-Three-Quarter_1905;male;detective;non_novel;after_1815;non_English;non_epistolary
Doyle_Arthur-Conan_The-Adventure-of-the-Noble-Bachelor_1891;male;detective;non_novel;after_1815;non_English;non_epistolary
Doyle_Arthur-Conan_The-Adventure-of-the-Norwood-Builder_1905;male;detective;non_novel;after_1815;non_English;non_epistolary
Doyle_Arthur-Conan_The-Adventure-of-the-Priory-School_1905;male;detective;non_novel;after_1815;non_English;non_epistolary
Doyle_Arthur-Conan_The-Adventure-of-the-Second-Stain_1905;male;detective;non_novel;after_1815;non_English;non_epistolary
Doyle_Arthur-Conan_The-Adventure-of-the-Six-Napoleons_1905;male;detective;non_novel;after_1815;non_English;non_epistolary
Doyle_Arthur-Conan_The-Adventure-of-the-Speckled-Band_1891;male;detective;non_novel;after_1815;non_English;non_epistolary
Doyle_Arthur-Conan_The-Adventure-of-the-Three-Students_1905;male;detective;non_novel;after_1815;non_English;non_epistolary
Doyle_Arthur-Conan_The-Boscombe-Valley-Mystery_1891;male;detective;non_novel;after_1815;non_English;non_epistolary
Doyle_Arthur-Conan_The-Five-Orange-Pips_1891;male;detective;non_novel;after_1815;non_English;non_epistolary
Doyle_Arthur-Conan_The-Hound-of-the-Baskervilles_1901;male;detective;non_novel;after_1815;non_English;non_epistolary
Doyle_Arthur-Conan_The-Lost-World_1912;male;science_fiction;novel;after_1815;non_English;non_epistolary
Doyle_Arthur-Conan_The-Man-with-the-Twisted-Lip_1891;male;detective;non_novel;after_1815;non_English;non_epistolary
Doyle_Arthur-Conan_The-Red-Headed-League_1891;male;detective;non_novel;after_1815;non_English;non_epistolary
Doyle_Arthur-Conan_The-Sign-of-the-Four_1890;male;detective;novel;after_1815;non_English;non_epistolary
Doyle_Arthur-Conan_The-White-Company_1891;male;historical;novel;after_1815;non_English;non_epistolary
Edgeworth_Maria_Belinda_1801;female;NA;novel;before_1815;non_English;non_epistolary
Edgeworth_Maria_Castle-Rackrent_1800;female;sentimental;novel;before_1815;non_English;non_epistolary
Edgeworth_Maria_Harrington_1817;female;NA;novel;after_1815;non_English;non_epistolary
Edgeworth_Maria_Helen_1834;female;NA;novel;after_1815;non_English;non_epistolary
Edgeworth_Maria_Lame-Jervas_1804;female;NA;non_novel;before_1815;non_English;non_epistolary
Edgeworth_Maria_Murad-the-Unlucky_1804;female;NA;non_novel;before_1815;non_English;non_epistolary
Edgeworth_Maria_Orlandino_1848;female;children_juvenile;non_novel;after_1815;non_English;non_epistolary
Edgeworth_Maria_Ormond_1817;female;NA;novel;after_1815;non_English;non_epistolary
Edgeworth_Maria_Out-of-the-Debt-Out-of-the-Danger_1804;female;NA;non_novel;before_1815;non_English;non_epistolary
Edgeworth_Maria_Patronage_1814;female;NA;novel;before_1815;non_English;non_epistolary
Edgeworth_Maria_Rosanna_1804;female;NA;non_novel;before_1815;non_English;non_epistolary
Edgeworth_Maria_Tales-of-a-Fashionable-Life_1809;female;NA;novel;before_1815;non_English;non_epistolary
Edgeworth_Maria_The-Absentee_1812;female;NA;novel;before_1815;non_English;non_epistolary
Edgeworth_Maria_The-Contrast_1804;female;NA;non_novel;before_1815;non_English;non_epistolary
Edgeworth_Maria_The-Grateful-Negro_1804;female;NA;non_novel;before_1815;non_English;non_epistolary
Edgeworth_Maria_The-Limerick-Gloves_1804;female;NA;non_novel;before_1815;non_English;non_epistolary
Edgeworth_Maria_The-Lottery_1804;female;NA;non_novel;before_1815;non_English;non_epistolary
Edgeworth_Maria_The-Manufacturers_1804;female;NA;non_novel;before_1815;non_English;non_epistolary
Edgeworth_Maria_The-Modern-Griselda_1804;female;NA;non_novel;before_1815;non_English;non_epistolary
Edgeworth_Maria_The-Will_1804;female;NA;non_novel;before_1815;non_English;non_epistolary
Edgeworth_Maria_To-Morrow_1804;female;NA;non_novel;before_1815;non_English;non_epistolary
Edwards_Amelia_The-Phantom-Coach_1864;female;sensational_gothic_mystery;non_novel;after_1815;English;non_epistolary
Eliot_George_Adam-Bede_1859;female;historical;novel;after_1815;English;non_epistolary
Eliot_George_Daniel-Deronda_1876;female;picaresque_satire;novel;after_1815;English;non_epistolary
Eliot_George_Felix-Holt_1866;female;social;novel;after_1815;English;non_epistolary
Eliot_George_Janets-Repentance_1857;female;NA;non_novel;after_1815;English;non_epistolary
Eliot_George_Middlemarch_1871;female;social;novel;after_1815;English;non_epistolary
Eliot_George_Mr-Gilfils-Love-Story_1857;female;NA;non_novel;after_1815;English;non_epistolary
Eliot_George_Romola_1862;female;historical;novel;after_1815;English;non_epistolary
Eliot_George_Sad-Fortunes-of-Rev-Amos-Barton_1857;female;NA;non_novel;after_1815;English;non_epistolary
Eliot_George_Silas-Marner_1861;female;NA;novel;after_1815;English;non_epistolary
Eliot_George_The-Lifted-Veil_1859;female;NA;non_novel;after_1815;English;non_epistolary
Eliot_George_The-Mill-on-the-Floss_1860;female;domestic;novel;after_1815;English;non_epistolary
Equiano_Olaudah_Life-of-Equiano_1789;male;life_writing;novel;before_1815;non_English;non_epistolary
Fenwick_Eliza_Secresy_1795;female;NA;novel;before_1815;English;non_epistolary
Ferrier_Susan_Marriage_1818;female;NA;novel;after_1815;non_English;non_epistolary
Ferrier_Susan_The-Inheritance_1824;female;NA;novel;after_1815;non_English;non_epistolary
Fielding_Henry_Jonathan-Wilde_1742;male;picaresque_satire;novel;before_1815;English;non_epistolary
Fielding_Henry_Joseph-Andrews_1742;male;picaresque_satire;novel;before_1815;English;non_epistolary
Fielding_Henry_Shamela_1741;male;picaresque_satire;novel;before_1815;English;non_epistolary
Fielding_Henry_Tom-Jones_1749;male;picaresque_satire;novel;before_1815;English;non_epistolary
Fielding_Sarah_David-Simple_1744;female;sentimental;novel;before_1815;English;non_epistolary
Fielding_Sarah_The-Countess-of-Dellwyn_1759;female;sentimental;novel;before_1815;English;non_epistolary
Forster_E-M_A-Room-with-a-View_1908;male;NA;novel;after_1815;English;non_epistolary
Forster_E-M_Howards-End_1910;male;NA;novel;after_1815;English;non_epistolary
Forster_E-M_The-Longest-Journey_1907;male;NA;novel;after_1815;English;non_epistolary
Forster_E-M_Where-Angels-Fear-to-Tread_1905;male;NA;novel;after_1815;English;non_epistolary
Galbraith_Lettice__The-Case-of-Lady-Lukestan_1893;female;sensational_gothic_mystery;non_novel;after_1815;NA;non_epistolary
Galsworthy_John_The-Man-of-Property_1906;male;NA;novel;after_1815;English;non_epistolary
Galt_John_Annals-of-the-Parish_1821;male;historical;novel;after_1815;non_English;non_epistolary
Galt_John_Ringan-Gillhaize_1822;male;NA;novel;after_1815;non_English;non_epistolary
Galt_John_The-Entail_1822;male;NA;novel;after_1815;non_English;non_epistolary
Galt_John_The-Provost_1822;male;NA;novel;after_1815;non_English;non_epistolary
Gaskell_Elizabeth_Cousin-Phillis_1864;female;NA;novel;after_1815;English;non_epistolary
Gaskell_Elizabeth_Cranford_1851;female;NA;novel;after_1815;English;non_epistolary
Gaskell_Elizabeth_Mary-Barton_1848;female;industrial;novel;after_1815;English;non_epistolary
Gaskell_Elizabeth_North-and-South_1854;female;industrial;novel;after_1815;English;non_epistolary
Gaskell_Elizabeth_Ruth_1853;female;industrial;novel;after_1815;English;non_epistolary
Gaskell_Elizabeth_The-Old-Nurses-Story_1852;female;sensational_gothic_mystery;non_novel;after_1815;English;non_epistolary
Gaskell_Elizabeth_Wives-and-Daughters_1865;female;NA;novel;after_1815;English;non_epistolary
Georgiana_Duchess-of-Devonshire_Emma_1773;female;sentimental;novel;before_1815;English;non_epistolary
Gissing_George_Born-in-Exile_1890;male;NA;novel;after_1815;English;non_epistolary
Gissing_George_Demos_1886;male;NA;novel;after_1815;English;non_epistolary
Gissing_George_In-the-Year-of-Jubilee_1894;male;NA;novel;after_1815;English;non_epistolary
Gissing_George_New-Grub-Street_1891;male;NA;novel;after_1815;English;non_epistolary
Gissing_George_The-Nether-World_1889;male;social;novel;after_1815;English;non_epistolary
Gissing_George_The-Odd-Women_1893;male;NA;novel;after_1815;English;non_epistolary
Gissing_George_The-Unclassed_1884;male;NA;novel;after_1815;English;non_epistolary
Godwin_William_Caleb-Williams_1794;male;sensational_gothic_mystery;novel;before_1815;English;non_epistolary
Godwin_William_St-Leon_1799;male;historical;novel;before_1815;English;non_epistolary
Goldsmith_Oliver_The-Vicar-of-Wakefield_1766;male;sentimental;novel;before_1815;non_English;non_epistolary
Grahame_Kenneth_The-Wind-in-the-Willows_1908;male;children_juvenile;novel;after_1815;non_English;non_epistolary
Grand_Sarah_The-Beth-Book_1897;female;sensational_gothic_mystery;novel;after_1815;non_English;non_epistolary
Grand_Sarah_The-Heavenly-Twins_1893;female;sensational_gothic_mystery;novel;after_1815;non_English;non_epistolary
Griffith_Elizabeth_The-Delicate-Distress_1769;female;NA;novel;before_1815;non_English;epistolary
Haggard_H-Rider_Allan-Quartermain_1887;male;adventure;novel;after_1815;English;non_epistolary
Haggard_H-Rider_King-Solomons-Mines_1885;male;adventure;novel;after_1815;English;non_epistolary
Haggard_H-Rider_She_1886;male;sensational_gothic_mystery;novel;after_1815;English;non_epistolary
Hamilton_Elizabeth_The-Cottagers-of-Glenburnie_1808;female;NA;novel;before_1815;non_English;non_epistolary
Hardy_Thomas_An-Imaginative-Woman_1888;male;NA;non_novel;after_1815;English;non_epistolary
Hardy_Thomas_A-Pair-of-Blue-Eyes_1873;male;sensational_gothic_mystery;novel;after_1815;English;non_epistolary
Hardy_Thomas_Desperate-Remedies_1871;male;sensational_gothic_mystery;novel;after_1815;English;non_epistolary
Hardy_Thomas_Far-from-the-Madding-Crowd_1874;male;NA;novel;after_1815;English;non_epistolary
Hardy_Thomas_Fellow-Townsmen_1888;male;NA;non_novel;after_1815;English;non_epistolary
Hardy_Thomas_Interlopers-at-the-Knap_1888;male;NA;non_novel;after_1815;English;non_epistolary
Hardy_Thomas_Jude-the-Obscure_1894;male;NA;novel;after_1815;English;non_epistolary
Hardy_Thomas_On-the-Western-Circuit_1894;male;NA;non_novel;after_1815;English;non_epistolary
Hardy_Thomas_Tess-of-the-dUrbervilles_1891;male;NA;novel;after_1815;English;non_epistolary
Hardy_Thomas_The-Distracted-Preacher_1888;male;NA;non_novel;after_1815;English;non_epistolary
Hardy_Thomas_The-Mayor-of-Casterbridge_1886;male;NA;novel;after_1815;English;non_epistolary
Hardy_Thomas_The-Return-of-the-Native_1878;male;NA;novel;after_1815;English;non_epistolary
Hardy_Thomas_The-Three-Strangers_1888;male;NA;non_novel;after_1815;English;non_epistolary
Hardy_Thomas_The-Whithered-Arm_1888;male;NA;non_novel;after_1815;English;non_epistolary
Hardy_Thomas_The-Woodlanders_1886;male;NA;novel;after_1815;English;non_epistolary
Hardy_Thomas_Under-the-Greenwood_1872;male;NA;novel;after_1815;English;non_epistolary
Hays_Mary_Memoirs-of-Emma-Courtney_1796;female;life_writing;novel;before_1815;English;epistolary
Haywood_Eliza_Anti-Pamela_1741;female;picaresque_satire;novel;before_1815;English;non_epistolary
Haywood_Eliza_Fantomina_1725;female;NA;novel;before_1815;English;non_epistolary
Haywood_Eliza_Miss-Betsy-Thoughtless_1751;female;NA;novel;before_1815;English;non_epistolary
Haywood_Eliza_The-British-Recluse_1722;female;NA;novel;before_1815;English;non_epistolary
Hazlitt_William_Liber-Amoris_1823;male;NA;novel;after_1815;English;non_epistolary
Hogg_James_Private-Memoirs-and-Confessions-of-a-Justified-Sinner_1824;male;sensational_gothic_mystery;novel;after_1815;non_English;non_epistolary
Hogg_James_The-Three-Perils-of-Man_1822;male;NA;novel;after_1815;non_English;non_epistolary
Hogg_James_The-Brownie-of-Bodsbeck_1818;male;NA;non_novel;after_1815;non_English;non_epistolary
Holcroft_Thomas_Anna-St-Ives_1792;male;NA;novel;before_1815;English;epistolary
Holcroft_Thomas_The-Adventures-of-Hugh-Trevor_1794;male;NA;novel;before_1815;English;non_epistolary
Hughes_Thomas_Tom-Browns-Schooldays_1857;male;NA;novel;after_1815;English;non_epistolary
Hume_Fergus_The-Mystery-of-a-Hansom-Cab_1886;male;detective;novel;after_1815;English;non_epistolary
Inchbald_Elizabeth_A-Simple-Story_1791;female;NA;novel;before_1815;English;non_epistolary
Inchbald_Elizabeth_Nature-and-Art_1796;female;picaresque_satire;novel;before_1815;English;non_epistolary
Jacob_Violet_The-Sheep-Stealers_1902;female;NA;novel;after_1815;non_English;non_epistolary
James_Henry_The-Ambassadors_1903;male;NA;novel;after_1815;English;non_epistolary
James_Henry_The-Awkward-Age_1903;male;NA;novel;after_1815;English;non_epistolary
James_Henry_The-Bostonians_1886;male;NA;novel;after_1815;English;non_epistolary
James_Henry_The-Golden-Bowl_1904;male;NA;novel;after_1815;English;non_epistolary
James_Henry_The-Turn-of-the-Screw_1898;male;sensational_gothic_mystery;non_novel;after_1815;English;non_epistolary
James_Henry_The-Wings-of-a-Dove_1902;male;NA;novel;after_1815;English;non_epistolary
James_Henry_What-Maisie-Knew_1897;male;NA;novel;after_1815;English;non_epistolary
Johnson_Samuel_Rasselas_1759;male;NA;non_novel;before_1815;English;non_epistolary
Joyce_James_After-the-Race_1914;male;NA;non_novel;after_1815;non_English;non_epistolary
Joyce_James_A-Little-Cloud_1914;male;NA;non_novel;after_1815;non_English;non_epistolary
Joyce_James_An-Encounter_1914;male;NA;non_novel;after_1815;non_English;non_epistolary
Joyce_James_Araby_1914;male;NA;non_novel;after_1815;non_English;non_epistolary
Joyce_James_The-Dead_1914;male;NA;non_novel;after_1815;non_English;non_epistolary
Joyce_James_The-Sisters_1914;male;NA;non_novel;after_1815;non_English;non_epistolary
Joyce_James_A-Mother_1914;male;NA;non_novel;after_1815;non_English;non_epistolary
Joyce_James_A-Painful-Case_1914;male;NA;non_novel;after_1815;non_English;non_epistolary
Joyce_James_Clay_1914;male;NA;non_novel;after_1815;non_English;non_epistolary
Joyce_James_Counterparts_1914;male;NA;non_novel;after_1815;non_English;non_epistolary
Joyce_James_Eveline_1914;male;NA;non_novel;after_1815;non_English;non_epistolary
Joyce_James_Grace_1914;male;NA;non_novel;after_1815;non_English;non_epistolary
Joyce_James_Ivy-Day-in-the-Committee-Room_1914;male;NA;non_novel;after_1815;non_English;non_epistolary
Joyce_James_Two-Gallants_1914;male;NA;non_novel;after_1815;non_English;non_epistolary
Joyce_James_The-Boarding-House_1914;male;NA;non_novel;after_1815;non_English;non_epistolary
Kickham_Charles_Knockagow_1879;male;NA;novel;after_1815;non_English;non_epistolary
Kingsley_Charles_Alton-Locke_1850;male;industrial;novel;after_1815;English;non_epistolary
Kingsley_Charles_Westward-Ho_1855;male;historical;novel;after_1815;English;non_epistolary
Kipling_Rudyard_Captains-Courageous_1897;male;children_juvenile;novel;after_1815;English;non_epistolary
Kipling_Rudyard_How-the-Whale-Got-His-Throat_1902;male;children_juvenile;non_novel;after_1815;English;non_epistolary
Kipling_Rudyard_How-the-Camel-Got-His-Hump_1902;male;children_juvenile;non_novel;after_1815;English;non_epistolary
Kipling_Rudyard_How-the-Rhinoceros-Got-His-Skin_1902;male;children_juvenile;non_novel;after_1815;English;non_epistolary
Kipling_Rudyard_How-the-Leopard-Got-His-Spots_1902;male;children_juvenile;non_novel;after_1815;English;non_epistolary
Kipling_Rudyard_The-Elephants-Child_1902;male;children_juvenile;non_novel;after_1815;English;non_epistolary
Kipling_Rudyard_The-Sing-Song-of-the-Old-Man-Kangaroo_1902;male;children_juvenile;non_novel;after_1815;English;non_epistolary
Kipling_Rudyard_The-Beginning-of-the-Armadillos_1902;male;children_juvenile;non_novel;after_1815;English;non_epistolary
Kipling_Rudyard_How-the-First-Letter-was-Written_1902;male;children_juvenile;non_novel;after_1815;English;non_epistolary
Kipling_Rudyard_How-the-Alphabet-was-Made_1902;male;children_juvenile;non_novel;after_1815;English;non_epistolary
Kipling_Rudyard_The-Crab-that-Played-with-the-Sea_1902;male;children_juvenile;non_novel;after_1815;English;non_epistolary
Kipling_Rudyard_The-Cat-that-Walked-by-Himself_1902;male;children_juvenile;non_novel;after_1815;English;non_epistolary
Kipling_Rudyard_The-Butterfly-that-Stamped_1902;male;children_juvenile;non_novel;after_1815;English;non_epistolary
Kipling_Rudyard_At-the-End-of-the-Passage_1890;male;sensational_gothic_mystery;non_novel;after_1815;English;non_epistolary
Kipling_Rudyard_Kim_1901;male;NA;novel;after_1815;English;non_epistolary
Kipling_Rudyard_The-House-of-Suddhoo_1888;male;NA;non_novel;after_1815;English;non_epistolary
Kipling_Rudyard_The-Gate-of-a-Hundred-Sorrows_1888;male;NA;non_novel;after_1815;English;non_epistolary
Kipling_Rudyard_The-Conversion-of-Aurelian-McGoggin_1888;male;NA;non_novel;after_1815;English;non_epistolary
Kipling_Rudyard_The-Bronchhorst-Divorce-Case_1888;male;NA;non_novel;after_1815;English;non_epistolary
Kipling_Rudyard_The-Broken-Link-Handicapped_1888;male;NA;non_novel;after_1815;English;non_epistolary
Kipling_Rudyard_The-Bisara-of-Pooree_1888;male;NA;non_novel;after_1815;English;non_epistolary
Kipling_Rudyard_The-Arrest-of-the-Lieutenant-Golightly_1888;male;NA;non_novel;after_1815;English;non_epistolary
Kipling_Rudyard_Lispeth_1888;male;NA;non_novel;after_1815;English;non_epistolary
Kipling_Rudyard_Miss-Youghals-Sais_1888;male;NA;non_novel;after_1815;English;non_epistolary
Kipling_Rudyard_On-the-Strength-of-a-Likeness_1888;male;NA;non_novel;after_1815;English;non_epistolary
Kipling_Rudyard_Pig_1888;male;NA;non_novel;after_1815;English;non_epistolary
Kipling_Rudyard_Kidnapped_1888;male;NA;non_novel;after_1815;English;non_epistolary
Kipling_Rudyard_In-the-Pride-of-His-Youth_1888;male;NA;non_novel;after_1815;English;non_epistolary
Kipling_Rudyard_In-Error_1888;male;NA;non_novel;after_1815;English;non_epistolary
Kipling_Rudyard_A-Bank-Fraud_1888;male;NA;non_novel;after_1815;English;non_epistolary
Kipling_Rudyard_A-Germ-Destroyer_1888;male;NA;non_novel;after_1815;English;non_epistolary
Kipling_Rudyard_Beyond-the-Pale_1888;male;NA;non_novel;after_1815;English;non_epistolary
Kipling_Rudyard_By-Word-of-Mouth_1888;male;NA;non_novel;after_1815;English;non_epistolary
Kipling_Rudyard_Consequences_1888;male;NA;non_novel;after_1815;English;non_epistolary
Kipling_Rudyard_Cupids-Arrows_1888;male;NA;non_novel;after_1815;English;non_epistolary
Kipling_Rudyard_False-Dawn_1888;male;NA;non_novel;after_1815;English;non_epistolary
Kipling_Rudyard_His-Chance-in-Life_1888;male;NA;non_novel;after_1815;English;non_epistolary
Kipling_Rudyard_His-Wedded-Wife_1888;male;NA;non_novel;after_1815;English;non_epistolary
Kipling_Rudyard_The-Story-of-Muhammad-Din_1888;male;NA;non_novel;after_1815;English;non_epistolary
Kipling_Rudyard_Tods-Amendment_1888;male;NA;non_novel;after_1815;English;non_epistolary
Kipling_Rudyard_Three-and-An-Extra_1888;male;NA;non_novel;after_1815;English;non_epistolary
Kipling_Rudyard_To-Be-Held-For-Reference_1888;male;NA;non_novel;after_1815;English;non_epistolary
Kipling_Rudyard_Wressley-of-the-Foreign-Office_1888;male;NA;non_novel;after_1815;English;non_epistolary
Kipling_Rudyard_Venus-Annodomini_1888;male;NA;non_novel;after_1815;English;non_epistolary
Kipling_Rudyard_The-Rout-of-the-White-Hussars_1888;male;NA;non_novel;after_1815;English;non_epistolary
Kipling_Rudyard_The-Other-Man_1888;male;NA;non_novel;after_1815;English;non_epistolary
Kipling_Rudyard_Watches-of-the-Night_1888;male;NA;non_novel;after_1815;English;non_epistolary
Kipling_Rudyard_The-Rescue-of-Pluffles_1888;male;NA;non_novel;after_1815;English;non_epistolary
Kipling_Rudyard_Yoked-with-an-Unbeliever_1888;male;NA;non_novel;after_1815;English;non_epistolary
Kipling_Rudyard_Throw-Away_1888;male;NA;non_novel;after_1815;English;non_epistolary
Kipling_Rudyard_The-Jungle-Book_1894;male;children_juvenile;non_novel;after_1815;English;non_epistolary
Kipling_Rudyard_The-Man-Who-Would-Be-King_1888;male;NA;non_novel;after_1815;English;non_epistolary
Kipling_Rudyard_The-Mark-of-the-Beast_1890;male;sensational_gothic_mystery;non_novel;after_1815;English;non_epistolary
Lamb_Caroline_Glenarvon_1816;female;sensational_gothic_mystery;novel;after_1815;non_English;non_epistolary
Lamb_Charles_Hamlet_1807;male;children_juvenile;non_novel;before_1815;English;non_epistolary
Lamb_Charles_Romeo-and-Juliet_1807;male;children_juvenile;non_novel;before_1815;English;non_epistolary
Lamb_Mary_As-You-Like-It_1807;female;children_juvenile;non_novel;before_1815;English;non_epistolary
Lamb_Mary_The-Tempest_1807;female;children_juvenile;non_novel;before_1815;English;non_epistolary
Lawless_Emily_Grania_1892;female;NA;novel;after_1815;non_English;non_epistolary
Lawrence_D-H_Odour-of-Chrysanthemums_1911;male;NA;non_novel;after_1815;English;non_epistolary
Lawrence_D-H_Sons-and-Lovers_1913;male;NA;novel;after_1815;English;non_epistolary
Lawrence_D-H_A-Fragment-of-Stained-Glass_1914;male;NA;non_novel;after_1815;English;non_epistolary
Lawrence_D-H_Daughters-of-the-Vicar_1914;male;NA;non_novel;after_1815;English;non_epistolary
Lawrence_D-H_Goose-Fair_1914;male;NA;non_novel;after_1815;English;non_epistolary
Lawrence_D-H_The-Christening_1914;male;NA;non_novel;after_1815;English;non_epistolary
Lawrence_D-H_The-Prussian-Officer_1914;male;NA;non_novel;after_1815;English;non_epistolary
Lawrence_D-H_The-Shades-of-Spring_1914;male;NA;non_novel;after_1815;English;non_epistolary
Lawrence_D-H_The-Thorn-in-the-Flesh_1914;male;NA;non_novel;after_1815;English;non_epistolary
Lawrence_D-H_The-White-Stocking_1914;male;NA;non_novel;after_1815;English;non_epistolary
Lawrence_D-H_The-Trespasser_1912;male;NA;novel;after_1815;English;non_epistolary
Lawrence_D-H_The-White-Peacock_1911;male;NA;novel;after_1815;English;non_epistolary
Lee_Vernon_Hauntings_1890;female;sensational_gothic_mystery;non_novel;after_1815;English;non_epistolary
Lee_Vernon_Prince-Alberic-and-the-Snake-Lady_1895;female;sensational_gothic_mystery;non_novel;after_1815;English;non_epistolary
LeFanu_Joseph-Sheridan_Green-Tea_1872;male;sensational_gothic_mystery;non_novel;after_1815;non_English;non_epistolary
LeFanu_Joseph-Sheridan_Mr-Justice-Harbottle_1872;male;sensational_gothic_mystery;non_novel;after_1815;non_English;non_epistolary
LeFanu_Joseph-Sheridan_The-Familiar_1872;male;sensational_gothic_mystery;non_novel;after_1815;non_English;non_epistolary
LeFanu_Joseph-Sheridan_The-Room-in-the-Dragon-Volant_1872;male;sensational_gothic_mystery;non_novel;after_1815;non_English;non_epistolary
LeFanu_Joseph-Sheridan_Uncle-Silas_1864;male;sensational_gothic_mystery;novel;after_1815;non_English;non_epistolary
LeFanu_Joseph-Sheridan_Carmilla_1872;male;sensational_gothic_mystery;non_novel;after_1815;non_English;non_epistolary
LeFanu_Joseph-Sheridan_The-Murdered-Cousin_1851;male;detective;non_novel;after_1815;non_English;non_epistolary
LeFanu_Joseph-Sheridan_The-House-by-the-Church-Yard_1863;male;sensational_gothic_mystery;novel;after_1815;non_English;non_epistolary
Lennox_Charlotte_Harriot-Stuart_1751;female;picaresque_satire;novel;before_1815;non_English;non_epistolary
Lennox_Charlotte_The-Female_Quixote_1752;female;picaresque_satire;novel;before_1815;non_English;non_epistolary
Lever_Charles_Confessions-of-Harry-Lorrequer_1837;male;life_writing;novel;after_1815;non_English;non_epistolary
Lewis_Matthew-Gregory_The-Bravo-of-Venice_1804;male;sensational_gothic_mystery;novel;before_1815;English;non_epistolary
Lewis_Matthew-Gregory_The-Monk_1796;male;sensational_gothic_mystery;novel;before_1815;English;non_epistolary
MacDonald_George_Adela-Cathcart_1864;male;NA;novel;after_1815;non_English;non_epistolary
MacDonald_George_Alec-Forbes-of-Howglen_1865;male;NA;novel;after_1815;non_English;non_epistolary
MacDonald_George_David-Elginbrod_1863;male;NA;novel;after_1815;non_English;non_epistolary
MacDonald_George_Lilith_1895;male;fantasy;novel;after_1815;non_English;non_epistolary
MacDonald_George_Phantastes_1858;male;fantasy;novel;after_1815;non_English;non_epistolary
MacDonald_George_Robert-Falconer_1868;male;NA;novel;after_1815;non_English;non_epistolary
MacDonald_George_Sir-Gibbie_1879;male;social;novel;after_1815;non_English;non_epistolary
MacDonald_George_The-Princess-and-the-Goblin_1872;male;children_juvenile;novel;after_1815;non_English;non_epistolary
Mackenzie_Compton_Sinister-Street_1913;male;bildungsroman;novel;after_1815;non_English;non_epistolary
Mackenzie_Henry_The-Man-of-Feeling_1771;male;sentimental;novel;before_1815;non_English;non_epistolary
Maclaren_Ian_A-Doctor-of-the-Old-School_1894;male;domestic;non_novel;after_1815;non_English;non_epistolary
Maclaren_Ian_A-Highland-Mystic_1894;male;domestic;non_novel;after_1815;non_English;non_epistolary
Maclaren_Ian_A-Wise-Woman_1894;male;domestic;non_novel;after_1815;non_English;non_epistolary
Maclaren_Ian_Domsie_1894;male;domestic;non_novel;after_1815;non_English;non_epistolary
Maclaren_Ian_His-Mothers-Sermon_1894;male;domestic;non_novel;after_1815;non_English;non_epistolary
Maclaren_Ian_The-Cunning-Speech-of-Drumtochty_1894;male;domestic;non_novel;after_1815;non_English;non_epistolary
Maclaren_Ian_The-Transformation-of-Lachlan-Campbell_1894;male;domestic;non_novel;after_1815;non_English;non_epistolary
Maclaren_Ian_The-Days-of-Auld-Lang-Syne_1895;male;domestic;novel;after_1815;non_English;non_epistolary
Marryat_Frederick_The-Kings-Own_1830;male;NA;novel;after_1815;English;non_epistolary
Martineau_Harriet_Deerbrook_1839;female;domestic;novel;after_1815;English;non_epistolary
Maturin_Charles-Robert_Melmoth-the-Wanderer_1820;male;sensational_gothic_mystery;novel;after_1815;non_English;non_epistolary
Maurier_George-du_Trilby_1894;male;sensational_gothic_mystery;novel;after_1815;NA;non_epistolary
Meredith_George_Diana-of-the-Crossways_1884;male;domestic;novel;after_1815;English;non_epistolary
Meredith_George_The-Egoist_1879;male;NA;novel;after_1815;English;non_epistolary
Mitford_Mary-Russell_Our-Village_1824;female;domestic;non_novel;after_1815;English;non_epistolary
Moore_George_A-Drama-in-Muslin_1886;male;NA;novel;after_1815;non_English;non_epistolary
Moore_George_A-Mummers-Wife_1885;male;NA;novel;after_1815;non_English;non_epistolary
Moore_George_Confessions-of-a-Young-Man_1888;male;life_writing;novel;after_1815;non_English;non_epistolary
Moore_George_Esther-Waters_1894;male;NA;novel;after_1815;non_English;non_epistolary
Moore_George_The-Lake_1905;male;NA;novel;after_1815;non_English;non_epistolary
Moore_George_The-Untilled-Field_1903;male;NA;novel;after_1815;non_English;non_epistolary
More_Hannah_Coelebs_1814;female;domestic;novel;before_1815;English;non_epistolary
Morier_James_Hajji-Baba_1824;male;NA;novel;after_1815;English;non_epistolary
Morris_William_New-from-Nowhere_1890;male;social;novel;after_1815;English;non_epistolary
Morrison_Arthur_Tales-of-Mean-Street_1894;male;detective;non_novel;after_1815;English;non_epistolary
Morrison_Arthur_A-Child-of-the-Jago_1896;male;sensational_gothic_mystery;novel;after_1815;English;non_epistolary
Mulholland_Rosa_The-Late-Miss-Hollingford_1886;female;sensational_gothic_mystery;non_novel;after_1815;non_English;non_epistolary
Munro_Neil_The-New-Road_1914;male;historical;novel;after_1815;non_English;non_epistolary
Nesbit_Edith_The-Railway-Children_1906;female;children_juvenile;novel;after_1815;English;non_epistolary
Nesbit_Edith_The-Story-of-the-Amulet_1906;female;children_juvenile;novel;after_1815;English;non_epistolary
Nesbit_Edith_The-Story-of-the-Treasure-Seekers_1899;female;children_juvenile;novel;after_1815;English;non_epistolary
Nesbit_Edith_The-Wouldbegoods_1901;female;children_juvenile;novel;after_1815;English;non_epistolary
Newman_John-Henry_Loss-and-Gain_1848;male;philosophical;novel;after_1815;English;non_epistolary
OGrady_Standish_Early-Bardic-Literature_1879;male;NA;novel;after_1815;non_English;non_epistolary
OGrady_Standish_The-Coming-of-Cuculain_1894;male;NA;novel;after_1815;non_English;non_epistolary
Oliphant_Margaret_A-Beleaguered-City_1900;female;sensational_gothic_mystery;novel;after_1815;non_English;non_epistolary
Oliphant_Margaret_A-Son-of-Soil_1865;female;NA;novel;after_1815;non_English;non_epistolary
Oliphant_Margaret_Hester_1883;female;domestic;novel;after_1815;non_English;non_epistolary
Oliphant_Margaret_Kristeen_1890;female;NA;novel;after_1815;non_English;non_epistolary
Oliphant_Margaret_Margaret-Maitland_1849;female;NA;novel;after_1815;non_English;non_epistolary
Oliphant_Margaret_Miss-Marjoribanks_1866;female;domestic;novel;after_1815;non_English;non_epistolary
Oliphant_Margaret_Phoebe-Junior_1876;female;domestic;novel;after_1815;non_English;non_epistolary
Oliphant_Margaret_The-Perpetual-Curate_1864;female;domestic;novel;after_1815;non_English;non_epistolary
Oliphant_Margaret_Doctors-Family_1863;female;domestic;novel;after_1815;non_English;non_epistolary
Oliphant_Margaret_The-Rector_1863;female;domestic;novel;after_1815;non_English;non_epistolary
Oliphant_Margaret_Salem-Chapel_1863;female;sensational_gothic_mystery;novel;after_1815;non_English;non_epistolary
Oliphant_Margaret_The-Library-Window_1896;female;sensational_gothic_mystery;non_novel;after_1815;non_English;non_epistolary
Opie_Amelia_Adeline-Mowbray_1804;female;domestic;novel;before_1815;English;non_epistolary
Opie_Amelia_Father-and-Daughter_1801;female;domestic;novel;before_1815;English;non_epistolary
Peacock_Thomas-Love_Crotchet-Castle_1831;male;picaresque_satire;novel;after_1815;English;non_epistolary
Peacock_Thomas-Love_Headlong-Hall_1816;male;picaresque_satire;non_novel;after_1815;English;non_epistolary
Peacock_Thomas-Love_Nightmare-Abbey_1818;male;sensational_gothic_mystery;non_novel;after_1815;English;non_epistolary
Pirkis_Catherine-Louisa_The-Experiences-of-Loveday-Brooke_1893;female;detective;non_novel;after_1815;English;non_epistolary
Polidori_John_The-Vampyre_1819;male;sensational_gothic_mystery;novel;after_1815;English;non_epistolary
Porter_Jane_Thaddeus-of-Warsaw_1803;female;historical;novel;before_1815;non_English;non_epistolary
Porter_Jane_The-Scottish-Chiefs_1810;female;historical;novel;before_1815;non_English;non_epistolary
Potter_Beatrix_Peter-Rabbit_1901;female;children_juvenile;non_novel;after_1815;English;non_epistolary
Quincey_Thomas_Confessions-of-an-English-Opium-Eater_1821;male;life_writing;novel;after_1815;English;non_epistolary
Quincey_Thomas_Klosterheim_1832;male;NA;novel;after_1815;English;non_epistolary
Radcliffe_Ann_A-Sicilian-Romance_1790;female;sensational_gothic_mystery;novel;before_1815;English;non_epistolary
Radcliffe_Ann_Udolpho_1794;female;sensational_gothic_mystery;novel;before_1815;English;non_epistolary
Radcliffe_Ann_The-Italian_1797;female;sensational_gothic_mystery;novel;before_1815;English;non_epistolary
Radcliffe_Ann_The-Romance-of-the-Forest_1791;female;sensational_gothic_mystery;novel;before_1815;English;non_epistolary
Reade_Charles_Hard-Cash_1863;male;sensational_gothic_mystery;novel;after_1815;English;non_epistolary
Reade_Charles_It-Is-Never-Too-Late-to-Mend_1856;male;sensational_gothic_mystery;novel;after_1815;English;non_epistolary
Reade_Charles_The-Cloister-and-the-Hearth_1861;male;historical;novel;after_1815;English;non_epistolary
Reynolds_The-Mysteries-of-London_1844;male;sensational_gothic_mystery;non_novel;after_1815;English;non_epistolary
Richardson_Samuel_Clarissa_1748;male;sentimental;novel;before_1815;English;epistolary
Richardson_Samuel_Pamela_1740;male;sentimental;novel;before_1815;English;epistolary
Richardson_Samuel_Sir-Charles-Grandison_1753;male;sentimental;novel;before_1815;English;epistolary
Riddell_Charlotte_Nut-Bush-Farm_1882;female;sensational_gothic_mystery;non_novel;after_1815;non_English;non_epistolary
Riddell_Charlotte_The-Open-Door_1882;female;sensational_gothic_mystery;non_novel;after_1815;non_English;non_epistolary
Russell_William_Recollections-of-a-Detective-Police-Officer_1856;male;life_writing;novel;after_1815;NA;non_epistolary
Rymer_James-Malcolm_Varney-the-Vampire_1845;male;sensational_gothic_mystery;novel;after_1815;English;non_epistolary
Scott_Sarah_Millenium-Hall_1762;female;NA;novel;before_1815;English;non_epistolary
Scott_Walter_Anne-of-Geierstein_1829;male;historical;novel;after_1815;non_English;non_epistolary
Scott_Walter_Chrystal-Croftangrys-Narrative_1827;male;NA;non_novel;after_1815;non_English;non_epistolary
Scott_Walter_The-Highland-Widow_1827;male;historical;non_novel;after_1815;non_English;non_epistolary
Scott_Walter_The-Two-Drovers_1827;male;historical;non_novel;after_1815;non_English;non_epistolary
Scott_Walter_The-Surgeons-Daughter_1827;male;historical;non_novel;after_1815;non_English;non_epistolary
Scott_Walter_Guy-Mannering_1815;male;historical;novel;after_1815;non_English;non_epistolary
Scott_Walter_Ivanhoe_1820;male;historical;novel;after_1815;non_English;non_epistolary
Scott_Walter_Kenilworth_1821;male;historical;novel;after_1815;non_English;non_epistolary
Scott_Walter_Montrose_1819;male;historical;novel;after_1815;non_English;non_epistolary
Scott_Walter_Old-Mortality_1816;male;historical;novel;after_1815;non_English;non_epistolary
Scott_Walter_Quentin-Durward_1823;male;historical;novel;after_1815;non_English;non_epistolary
Scott_Walter_Redgauntlet_1824;male;historical;novel;after_1815;non_English;non_epistolary
Scott_Walter_Rob-Roy_1817;male;historical;novel;after_1815;non_English;non_epistolary
Scott_Walter_St-Ronans-Well_1824;male;NA;novel;after_1815;non_English;non_epistolary
Scott_Walter_The-Abbot_1820;male;historical;novel;after_1815;non_English;non_epistolary
Scott_Walter_The-Antiquary_1816;male;historical;novel;after_1815;non_English;non_epistolary
Scott_Walter_The-Betrothed_1825;male;historical;novel;after_1815;non_English;non_epistolary
Scott_Walter_The-Black-Dwarf_1816;male;historical;novel;after_1815;non_English;non_epistolary
Scott_Walter_The-Bride-of-Lammermoor_1819;male;historical;novel;after_1815;non_English;non_epistolary
Scott_Walter_The-Fair-Maid-of-Perth_1828;male;historical;novel;after_1815;non_English;non_epistolary
Scott_Walter_The-Fortunes-of-Nigel_1822;male;historical;novel;after_1815;non_English;non_epistolary
Scott_Walter_The-Heart-of-Midlothian_1818;male;historical;novel;after_1815;non_English;non_epistolary
Scott_Walter_The-Monastery_1820;male;historical;novel;after_1815;non_English;non_epistolary
Scott_Walter_The-Peveril-of-the-Peak_1822;male;historical;novel;after_1815;non_English;non_epistolary
Scott_Walter_The-Pirate_1822;male;historical;novel;after_1815;non_English;non_epistolary
Scott_Walter_The-Talisman_1825;male;picaresque_satire;novel;after_1815;non_English;non_epistolary
Scott_Walter_Waverley_1814;male;historical;novel;before_1815;non_English;non_epistolary
Scott_Walter_Woodstock_1826;male;historical;novel;after_1815;non_English;non_epistolary
Sewell_Anna_Black-Beauty_1877;female;children_juvenile;novel;after_1815;English;non_epistolary
Sheehan_Patrick-Augustine_My-New-Curate_1900;male;NA;novel;after_1815;non_English;non_epistolary
Shelley_Mary_Frankenstein_1818;female;sensational_gothic_mystery;novel;after_1815;English;non_epistolary
Shelley_Mary_Lodore_1835;female;domestic;novel;after_1815;English;non_epistolary
Shelley_Mary_Mathilda_1820;female;sensational_gothic_mystery;non_novel;after_1815;English;non_epistolary
Shelley_Mary_Perkin-Warbeck_1830;female;historical;novel;after_1815;English;non_epistolary
Shelley_Mary_The-Last-Man_1826;female;science_fiction;novel;after_1815;English;non_epistolary
Shelley_Mary_The-Mortal-Immortal_1834;female;sensational_gothic_mystery;non_novel;after_1815;English;non_epistolary
Shelley_Mary_Valperga_1823;female;historical;novel;after_1815;English;non_epistolary
Sheridan_Frances_Miss-Sidney-Bidulph_1761;female;sentimental;novel;before_1815;non_English;epistolary
Sheridan_Frances_The-History-of-Nourjahad_1767;female;NA;novel;before_1815;non_English;non_epistolary
Sims_George_Rogues-and-Vagabonds_1892;male;sensational_gothic_mystery;novel;after_1815;English;non_epistolary
Smith_Charlotte_Emmeline_1788;female;sensational_gothic_mystery;novel;before_1815;English;non_epistolary
Smith_Charlotte_The-Old-Manor-House_1793;female;sensational_gothic_mystery;novel;before_1815;English;non_epistolary
Smollett_Tobias_Peregrine-Pickle_1751;male;picaresque_satire;novel;before_1815;non_English;non_epistolary
Smollett_Tobias_Roderick-Random_1748;male;picaresque_satire;novel;before_1815;non_English;non_epistolary
Smollett_Tobias_Humphry-Clinker_1771;male;picaresque_satire;novel;before_1815;non_English;non_epistolary
Smollett_Tobias_Ferdinand-Count-Fathom_1753;male;picaresque_satire;novel;before_1815;non_English;non_epistolary
Smollett_Tobias_Launcelot-Greaves_1760;male;picaresque_satire;novel;before_1815;non_English;non_epistolary
Somerville-Ross_Edith-Martin_An-Irish-Cousin_1889;female;sensational_gothic_mystery;novel;after_1815;non_English;non_epistolary
Somerville-Ross_Edith-Martin_Some-Experiences-of-an-Irish-R-M_1899;female;NA;novel;after_1815;non_English;non_epistolary
Somerville-Ross_Edith-Martin_The-Real-Charlotte_1894;female;social;novel;after_1815;non_English;non_epistolary
Stephens_James_The-Charwomans-Daughter_1912;male;social;novel;after_1815;non_English;non_epistolary
Stephens_James_The-Crock-of-Gold_1912;male;comic;novel;after_1815;non_English;non_epistolary
Sterne_Laurence_A-Sentimental-Journey_1768;male;sentimental;novel;before_1815;non_English;non_epistolary
Sterne_Laurence_Tristram-Shandy_1759;male;picaresque_satire;novel;before_1815;non_English;non_epistolary
Stevenson_Robert-Louis_Dr-Jekyll-and-Mr-Hyde_1886;male;sensational_gothic_mystery;non_novel;after_1815;non_English;non_epistolary
Stevenson_Robert-Louis_Kidnapped_1886;male;sensational_gothic_mystery;novel;after_1815;non_English;non_epistolary
Stevenson_Robert-Louis_The-Body-Snatcher_1884;male;sensational_gothic_mystery;non_novel;after_1815;non_English;non_epistolary
Stevenson_Robert-Louis_The-Master-of-Ballantrae_1889;male;NA;novel;after_1815;non_English;non_epistolary
Stevenson_Robert-Louis_Treasure-Island_1883;male;adventure;novel;after_1815;non_English;non_epistolary
Stevenson_Robert-Louis_The-Beach-of-Falesa_1892;male;NA;non_novel;after_1815;non_English;non_epistolary
Stevenson_Robert-Louis_The-Bottle-Imp_1892;male;sensational_gothic_mystery;non_novel;after_1815;non_English;non_epistolary
Stevenson_Robert-Louis_The-Isle-of-Voices_1892;male;sensational_gothic_mystery;non_novel;after_1815;non_English;non_epistolary
Stevenson-Grift_Robert-Louis-Fanny-van-de_The-Dynamiter_1885;male;NA;non_novel;after_1815;non_English;non_epistolary
Stevenson-Osbourne_Robert-Louis-Lloyde_The-Ebb-Tide_1894;male;adventure;novel;after_1815;non_English;non_epistolary
Stevenson_Robert-Louis_The-Silverado-Squatters_1884;male;NA;novel;after_1815;non_English;non_epistolary
Stoker_Bram-Dracula_1897;male;sensational_gothic_mystery;novel;after_1815;non_English;non_epistolary
Stretton_Hesba_Jessicas-First-Prayer_1867;female;children_juvenile;non_novel;after_1815;English;non_epistolary
Swift_Jonathan_A-Modest-Proposal_1729;male;picaresque_satire;non_novel;before_1815;non_English;non_epistolary
Swift_Jonathan_A-Tale-of-Tub_1704;male;picaresque_satire;non_novel;before_1815;non_English;non_epistolary
Swift_Jonathan_Gullivers-Travels_1726;male;picaresque_satire;novel;before_1815;non_English;non_epistolary
Swift_Jonathan_Battle-of-the-Books_1704;male;picaresque_satire;non_novel;before_1815;non_English;non_epistolary
Tackerey_William-Makepeace_Pendennis_1848;male;picaresque_satire;novel;after_1815;English;non_epistolary
Tackerey_William-Makepeace_Vanity-Fair_1847;male;picaresque_satire;novel;after_1815;English;non_epistolary
Tressell_Robert_The-Ragged-Trousered-Philanthropists_1914;male;life_writing;novel;after_1815;non_English;non_epistolary
Trollope_Anthony_Can-You-Forgive-Her_1864;male;NA;novel;after_1815;English;non_epistolary
Trollope_Anthony_Framley-Parsonage_1860;male;NA;novel;after_1815;English;non_epistolary
Trollope_Anthony_The-Eustace-Diamonds_1871;male;NA;novel;after_1815;English;non_epistolary
Trollope_Anthony_Barchester-Towers_1857;male;NA;novel;after_1815;English;non_epistolary
Trollope_Anthony_The-Warden_1855;male;NA;novel;after_1815;English;non_epistolary
Trollope_Anthony_The-Way-We-Live-Now_1875;male;picaresque_satire;novel;after_1815;English;non_epistolary
Walpole_Horace_Otranto_1764;male;sensational_gothic_mystery;novel;before_1815;English;non_epistolary
Ward_Mary-Augusta_Robert-Elsmere_1888;female;NA;novel;after_1815;NA;non_epistolary
Wells_H-G_A-Modern-Utopia_1905;male;NA;novel;after_1815;English;non_epistolary
Wells_H-G_Ann-Veronica_1909;male;NA;novel;after_1815;English;non_epistolary
Wells_H-G_Kipps_1906;male;social;novel;after_1815;English;non_epistolary
Wells_H-G_Love-and-Mr-Lewisham_1910;male;NA;novel;after_1815;English;non_epistolary
Wells_H-G_The-Crystal-Egg_1899;male;science_fiction;non_novel;after_1815;English;non_epistolary
Wells_H-G_The-Star_1899;male;science_fiction;non_novel;after_1815;English;non_epistolary
Wells_H-G_A-Story-of-the-Stone-Age_1899;male;historical;non_novel;after_1815;English;non_epistolary
Wells_H-G_A-Story-of-the-Days-to-Come_1899;male;science_fiction;non_novel;after_1815;English;non_epistolary
Wells_H-G_The-Man-Who-Could-Work-Miracles_1899;male;fantasy;non_novel;after_1815;English;non_epistolary
Wells_H-G_The-First-Men-in-the-Moon_1901;male;science_fiction;novel;after_1815;English;non_epistolary
Wells_H-G_The-History-of-Mr-Polly_1910;male;comic;novel;after_1815;English;non_epistolary
Wells_H-G_The-Invisible-Man_1897;male;science_fiction;novel;after_1815;English;non_epistolary
Wells_H-G_The-New-Machiavelli_1911;male;NA;novel;after_1815;English;non_epistolary
Wells_H-G_The-World-Set-Free_1914;male;science_fiction;novel;after_1815;English;non_epistolary
Wells_H-G_Tono-Bungay_1909;male;NA;novel;after_1815;English;non_epistolary
Wells_H-G_The-Island-of-Dr-Moreau_1896;male;science_fiction;novel;after_1815;English;non_epistolary
Wells_H-G_The-Time-Machine_1895;male;science_fiction;non_novel;after_1815;English;non_epistolary
Wells_H-G_The-War-of-the-Worlds_1897;male;science_fiction;novel;after_1815;English;non_epistolary
Wells_H-G_The-War-in-the-Air_1908;male;science_fiction;novel;after_1815;English;non_epistolary
Wilde_Oscar_The-Picture-of-Dorian-Gray_1890;male;sensational_gothic_mystery;novel;after_1815;non_English;non_epistolary
Wollstonecraft_Mary_Mary_1788;female;sentimental;novel;before_1815;English;non_epistolary
Wood_Ellen_East-Lynne_1861;female;sensational_gothic_mystery;novel;after_1815;English;non_epistolary
Yonge_Charlotte_The-Heir-of-Redclyffe_1853;female;romance;novel;after_1815;English;non_epistolary
Yonge_Charlotte_The-Daisy-Chain_1856;female;domestic;novel;after_1815;English;non_epistolary
